1787730271812	PASS
1787730272356	PASS
1787730272896	PASS
1787730273435	PASS
1787730273976	PASS
1787730274517	PASS
1787730275056	PASS
1787730275599	PASS
1787730276136	PASS
1787730276677	PASS
1787730277214	PASS
1787730277755	PASS
1787730278293	PASS
1787730278834	PASS
1787730279374	PASS
1787730279914	PASS
1787730280455	PASS
1787730280995	PASS
1787730281535	PASS
1787730282073	PASS
1787730282612	PASS
1787730283154	PASS
1787730283693	PASS
1787730284229	PASS
1787730284769	PASS
1787730285311	PASS
1787730285849	PASS
1787730286392	PASS
1787730286933	PASS
1787730287473	PASS
1787730288014	PASS
1787730288556	PASS
1787730289098	PASS
1787730289637	PASS
1787730290183	PASS
1787730290725	PASS
1787730291266	PASS
1787730291805	PASS
1787730292346	PASS
1787730292886	PASS
1787730293425	PASS
1787730293968	PASS
1787730294508	PASS
1787730295048	PASS
1787730295589	PASS
1787730296128	PASS
1787730296668	PASS
1787730297209	PASS
1787730297747	PASS
1787730298289	PASS
1787730298828	PASS
1787730299370	PASS
1787730299912	PASS
1787730300455	PASS
1787730300994	PASS
1787730301536	PASS
1787730302077	PASS
1787730302618	PASS
1787730303157	PASS
1787730303701	PASS
1787730304242	PASS
1787730304783	PASS
1787730305323	PASS
1787730305866	PASS
1787730306407	PASS
1787730306947	PASS
1787730307488	PASS
1787730308030	PASS
1787730308569	PASS
1787730309112	PASS
1787730309653	PASS
1787730310195	PASS
1787730310733	PASS
1787730311277	PASS
1787730311820	PASS
1787730312361	PASS
1787730312899	PASS
1787730313441	PASS
1787730313981	PASS
1787730314524	PASS
1787730315064	PASS
1787730315606	PASS
1787730316144	PASS
1787730316687	PASS
1787730317229	PASS
1787730317769	PASS
1787730318310	PASS
1787730318854	PASS
1787730319394	PASS
1787730319935	PASS
1787730320476	PASS
1787730321018	PASS
1787730321558	PASS
1787730322100	PASS
1787730322641	PASS
1787730323185	PASS
1787730323724	PASS
1787730324265	PASS
1787730324805	PASS
1787730325344	PASS
1787730325883	PASS
1787730326424	PASS
1787730326965	PASS
1787730327506	PASS
1787730328045	PASS
1787730328589	PASS
1787730329126	PASS
1787730329670	PASS
1787730330210	PASS
1787730330750	PASS
1787730331291	PASS
1787730331832	PASS
1787730332369	PASS
1787730332912	PASS
1787730333454	PASS
1787730333994	PASS
1787730334535	PASS
1787730335075	PASS
1787730335616	PASS
1787730336157	PASS
1787730336700	PASS
1787730337242	PASS
1787730337781	PASS
1787730338321	PASS
1787730338862	PASS
1787730339404	PASS
1787730339943	PASS
1787730340485	PASS
1787730341027	PASS
1787730341569	PASS
1787730342107	PASS
1787730342649	PASS
1787730343189	PASS
1787730343731	PASS
1787730344272	PASS
1787730344815	PASS
1787730345354	PASS
1787730345893	PASS
1787730346433	PASS
1787730346976	PASS
1787730347516	PASS
1787730348056	PASS
1787730348596	PASS
1787730349137	PASS
1787730349676	PASS
1787730350218	PASS
1787730350757	PASS
1787730351297	PASS
1787730351836	PASS
1787730352376	PASS
1787730352913	PASS
1787730353453	PASS
1787730353990	PASS
1787730354530	PASS
1787730355074	PASS
1787730355617	PASS
1787730356158	PASS
1787730356699	PASS
1787730357239	PASS
1787730357782	PASS
1787730358324	PASS
1787730358865	PASS
1787730359405	PASS
1787730359948	PASS
1787730360486	PASS
1787730361027	PASS
1787730361569	FAIL
1787730363096	PASS
1787730363636	PASS
1787730364175	PASS
1787730364718	PASS
1787730365259	PASS
1787730365802	PASS
1787730366341	PASS
1787730366883	PASS
1787730367425	PASS
1787730367968	PASS
1787730368506	PASS
1787730369050	PASS
1787730369591	PASS
1787730370133	PASS
1787730370671	PASS
1787730371215	PASS
1787730371756	PASS
1787730372298	PASS
1787730372838	PASS
1787730373381	PASS
1787730373920	PASS
1787730374463	PASS
1787730375005	PASS
1787730375549	PASS
1787730376089	PASS
1787730376628	PASS
1787730377168	PASS
1787730377708	PASS
1787730378246	PASS
1787730378788	PASS
1787730379326	PASS
1787730379868	PASS
1787730380410	PASS
1787730380952	PASS
1787730381491	PASS
1787730382034	PASS
1787730382576	PASS
1787730383117	PASS
1787730383656	PASS
1787730384197	PASS
1787730384734	PASS
1787730385277	PASS
1787730385814	PASS
1787730386358	PASS
1787730386899	PASS
1787730387441	PASS
1787730387980	PASS
1787730388523	PASS
1787730389065	PASS
1787730389603	PASS
1787730390143	PASS
1787730390681	PASS
1787730391220	PASS
1787730391758	PASS
1787730392300	PASS
1787730392844	PASS
1787730393383	PASS
1787730393926	PASS
1787730394467	PASS
1787730395007	PASS
1787730395546	PASS
1787730396090	PASS
1787730396628	PASS
1787730397170	PASS
1787730397711	PASS
1787730398255	PASS
1787730398793	PASS
1787730399335	PASS
1787730399875	PASS
1787730400418	PASS
1787730400960	PASS
1787730401500	PASS
1787730402039	PASS
1787730402584	PASS
1787730403122	PASS
1787730403661	PASS
1787730404200	PASS
1787730404740	PASS
1787730405277	PASS
1787730405819	PASS
1787730406359	PASS
1787730406900	PASS
1787730407444	PASS
1787730407987	PASS
1787730408528	PASS
1787730409068	PASS
1787730409607	PASS
1787730410151	PASS
1787730410692	PASS
1787730411233	PASS
1787730411774	PASS
1787730412318	PASS
1787730412859	PASS
1787730413401	PASS
1787730413940	PASS
1787730414484	PASS
1787730415024	PASS
1787730415565	PASS
1787730416106	PASS
1787730416644	PASS
1787730417184	PASS
1787730417725	PASS
1787730418264	PASS
