1787688032197	PASS
1787688032741	PASS
1787688033283	PASS
1787688033824	PASS
1787688034363	PASS
1787688034903	PASS
1787688035442	PASS
1787688035984	PASS
1787688036523	PASS
1787688037065	PASS
1787688037604	PASS
1787688038145	PASS
1787688038685	PASS
1787688039227	PASS
1787688039765	PASS
1787688040307	PASS
1787688040846	PASS
1787688041388	PASS
1787688041928	PASS
1787688042464	PASS
1787688043003	PASS
1787688043543	PASS
1787688044083	PASS
1787688044624	PASS
1787688045164	PASS
1787688045703	PASS
1787688046243	PASS
1787688046786	PASS
1787688047322	PASS
1787688047864	PASS
1787688048402	PASS
1787688048944	PASS
1787688049484	PASS
1787688050025	PASS
1787688050565	PASS
1787688051106	PASS
1787688051645	PASS
1787688052187	PASS
1787688052727	PASS
1787688053268	PASS
1787688053808	PASS
1787688054349	PASS
1787688054887	PASS
1787688055427	PASS
1787688055967	PASS
1787688056507	PASS
1787688057046	PASS
1787688057588	FAIL
1787688058114	FAIL
1787688059643	FAIL
1787688061171	FAIL
1787688062701	FAIL
1787688064231	PASS
1787688064772	PASS
1787688065315	PASS
1787688065853	PASS
1787688066395	PASS
1787688066937	PASS
1787688067477	PASS
1787688068017	PASS
1787688068556	PASS
1787688069097	PASS
1787688069635	PASS
1787688070177	PASS
1787688070717	PASS
1787688071256	PASS
1787688071799	PASS
1787688072339	PASS
1787688072878	PASS
1787688073419	PASS
1787688073959	PASS
1787688074499	PASS
1787688075039	PASS
1787688075579	PASS
1787688076120	PASS
1787688076658	PASS
1787688077199	PASS
1787688077736	PASS
1787688078278	PASS
1787688078816	PASS
1787688079358	PASS
1787688079899	PASS
1787688080438	PASS
1787688080978	PASS
1787688081519	PASS
1787688082059	PASS
1787688082601	PASS
1787688083140	PASS
1787688083681	PASS
1787688084221	PASS
1787688084762	PASS
1787688085302	PASS
1787688085842	PASS
1787688086382	PASS
1787688086925	PASS
1787688087466	PASS
1787688088009	PASS
1787688088549	PASS
1787688089090	PASS
1787688089632	PASS
1787688090175	PASS
1787688090716	PASS
1787688091257	PASS
1787688091795	PASS
1787688092335	PASS
1787688092875	PASS
1787688093417	PASS
1787688093957	PASS
1787688094498	PASS
1787688095039	PASS
1787688095581	PASS
1787688096125	PASS
1787688096666	PASS
1787688097207	PASS
1787688097749	PASS
1787688098288	PASS
